	tsne1	tsne2	tsne3	cluster
0	56.119587	58.436615	3.8751395	2
1	39.798027	66.64062	22.980347	2
2	25.765162	55.383446	30.379305	2
3	-30.075611	93.26504	-17.023685	6
4	-43.9668	80.19117	44.001923	1
5	-47.593506	-54.862316	28.379717	3
6	-24.539616	-75.13712	9.774643	3
7	-36.979935	-80.487404	29.92708	3
8	-20.99777	-43.378723	31.748299	3
9	-26.047615	-94.93061	34.237953	3
10	-56.53699	-69.01369	1.6181346	3
11	-72.72338	-61.564003	-25.710447	3
12	-35.588413	-91.71878	-12.423967	3
13	-61.94667	-57.79254	-8.878305	3
14	-20.805342	-54.812904	37.60877	3
15	-24.567753	-80.60723	28.44674	3
16	-36.381374	-47.231197	33.300385	3
17	-34.81355	-39.922535	-12.644592	3
18	-20.636648	-65.41307	7.2229095	3
19	-19.321695	-57.42167	28.308617	3
20	-26.971813	-74.306	52.861794	3
21	-41.12333	23.43082	-65.27561	5
22	8.883115	-62.27686	15.022055	3
23	-26.06379	-70.70007	60.86531	3
24	-51.073196	-60.060677	-27.943186	3
25	-23.396036	-42.3582	41.7531	3
26	-33.7464	-49.898857	-46.723423	5
27	-26.529139	17.149115	-44.823246	5
28	-3.3376899	-38.039513	42.06958	4
29	-5.409417	-66.37634	53.051357	3
30	-39.45001	-53.290565	61.146866	3
31	-18.608658	-68.51422	35.45375	3
32	-28.117037	-69.661316	-30.223444	3
33	70.24335	0.53430676	4.8696213	2
34	71.562645	18.745245	13.230437	2
35	37.993275	36.224987	6.249003	2
36	30.028372	19.764278	-26.591412	0
37	63.10668	-2.7718368	56.518826	4
38	66.14894	43.709835	-41.722275	0
39	74.23573	4.3059998	24.016674	2
40	21.103128	38.83435	52.594357	2
41	-46.551003	77.644516	18.093466	6
42	32.91376	38.78782	57.26065	2
43	-13.255578	-21.35631	66.0275	1
44	77.8672	-32.425797	-24.330795	0
45	80.5826	-22.789421	-27.355637	0
46	77.53718	-32.55114	-34.37722	0
47	62.422764	-11.062282	-34.570435	0
48	86.058685	-35.899906	-33.4767	0
49	58.058704	2.5709271	-49.289333	0
50	70.52557	-38.199047	-21.566362	0
51	39.88376	-28.044245	22.842958	4
52	23.34566	-29.945995	63.64658	4
53	59.976704	-29.928001	65.678154	4
54	56.12318	-23.689245	70.55772	4
55	59.976704	-29.928001	65.678154	4
56	-25.9596	-13.073078	-14.4643135	5
57	102.94806	-21.168219	1.6048796	4
58	103.29309	-29.002174	-2.1832316	4
59	-12.762955	-23.9626	45.47807	1
60	2.8130324	13.105503	78.64125	1
61	102.615	-30.604559	5.903284	4
62	64.39135	42.485928	-65.545555	0
63	20.523542	4.36409	41.56168	2
64	74.42123	-15.382273	-15.280766	0
65	72.59973	-7.740828	-15.208842	0
66	24.188074	9.75736	28.139244	2
67	80.060486	15.202554	-2.4325106	2
68	57.450623	22.553629	-55.64957	0
69	-95.55705	-1.2623256	17.715487	1
70	35.192963	-13.132844	63.666405	4
71	82.105934	20.711153	-10.086771	2
72	0.9047669	-1.9969647	88.35536	1
73	71.496414	17.844818	60.141605	2
74	73.52913	21.748373	67.21073	2
75	57.777832	18.617985	64.019615	2
76	-53.12964	85.88926	7.517969	6
77	7.827723	2.4449215	78.59977	1
78	-51.194904	86.78511	25.373625	6
79	-22.424395	76.03982	64.225876	1
80	51.99287	5.0415373	20.651966	2
81	1.5246077	-12.989617	47.79425	4
82	20.128733	74.93092	36.303	2
83	49.324196	18.853655	83.53031	2
84	-7.294997	14.90419	54.34248	1
85	90.46705	-16.242916	27.410923	4
86	22.170643	-7.2228165	51.16075	4
87	-53.895435	60.83396	44.63681	1
88	-6.5957403	-56.32937	73.40391	4
89	-37.334133	20.094961	-23.77336	5
90	-48.589058	39.833244	-62.69057	5
91	0.9876131	-47.1252	24.104494	3
92	11.230066	28.383175	-34.45674	0
93	-45.67113	39.285057	-46.760834	5
94	-22.173191	-11.236611	-73.16541	5
95	-11.577495	12.868243	-45.74618	5
96	-63.474533	32.09243	-23.374725	5
97	51.82841	2.722615	-23.225927	0
98	-27.1028	39.00702	-24.888783	6
99	-28.4004	35.06912	-14.072713	6
100	-25.075485	44.884228	34.51483	1
101	-14.422402	-5.982384	-58.45933	5
102	54.494255	11.214738	31.773537	2
103	-29.598078	75.19369	17.63897	6
104	-22.076345	67.88713	20.356297	6
105	-22.26389	68.884514	-2.4857745	6
106	-0.16307612	40.54036	-23.177155	6
107	29.178368	46.375637	-41.673065	6
108	-32.795082	65.331345	25.731934	6
109	-23.97575	72.5732	-34.696365	6
110	32.97596	35.79914	43.408047	2
111	26.466526	61.05525	-58.94166	6
112	1.7459141	76.01406	62.557014	2
113	61.95352	-14.874578	2.523937	4
114	-2.0058758	17.201168	9.114691	1
115	6.1593394	-62.565075	-35.55571	3
116	-25.261265	19.30666	-26.662577	5
117	2.9516811	37.07336	66.97311	1
118	-40.20091	62.960297	-27.266863	6
119	23.691486	-2.4001439	84.60845	4
120	12.694129	69.00425	13.174095	6
121	39.222805	55.398247	45.840725	2
122	17.577847	-1.9971579	65.70404	4
123	-24.359716	47.33548	-50.155872	6
124	9.855142	-48.342087	46.520393	4
125	-4.528771	-20.119314	-76.05759	5
126	-6.9934144	-12.572964	12.307395	1
127	-30.57161	-32.86911	-63.782257	5
128	-30.570076	-34.69832	60.274776	1
129	-40.7554	17.644043	76.95514	1
130	66.024734	-67.880844	17.74157	4
131	-47.638847	8.973719	79.68765	1
132	-70.14524	-19.437622	16.367641	1
133	69.872604	-51.55954	27.550276	4
134	-49.813587	21.2933	36.857227	1
135	-58.835056	13.791273	72.42464	1
136	77.177795	-61.82807	32.530415	4
137	-91.273026	5.7802596	-7.8573966	5
138	61.39359	-53.234303	19.211895	4
139	-98.861626	2.0780687	0.42402175	5
140	79.50961	-65.24141	19.205921	4
141	58.81597	-46.10899	44.97314	4
142	67.75358	-55.760036	38.09196	4
143	-54.7029	18.32531	49.60996	1
144	47.786976	-46.928516	28.589369	4
145	-8.920236	97.4649	-16.856506	6
146	18.893106	74.25625	-43.03685	6
147	51.162918	-61.785492	25.803118	4
148	65.02637	-61.15757	30.073938	4
149	-55.0728	14.230916	25.461754	1
150	40.889717	77.964455	-36.979324	6
151	-38.31423	20.452724	88.24735	1
152	23.12873	-2.4509885	-64.48992	0
153	78.14571	-54.40959	19.892654	4
154	58.223324	-48.313572	32.14165	4
155	45.02415	68.48682	-45.250664	6
156	22.896133	76.78693	-26.902582	6
157	-54.11262	21.216501	74.098816	1
158	-58.474342	22.204304	55.495037	1
159	-48.531624	14.973176	91.02347	1
160	65.02331	-72.631874	28.343777	4
161	-97.84667	9.228929	-8.160238	5
162	-55.806778	9.145771	79.87992	1
163	26.639975	88.48699	-31.79642	6
164	58.55643	-55.890244	35.120216	4
165	77.84181	-49.849606	41.452267	4
166	-44.668236	28.064398	33.857628	1
167	-59.56439	48.258766	-29.985449	6
168	6.8034573	75.14667	-48.816093	6
169	-53.18381	5.6021175	69.06247	1
170	-47.558395	30.303205	76.768196	1
171	8.985086	-3.6891687	-33.596752	0
172	55.80197	-59.15363	49.84024	4
173	67.12878	-39.48237	32.59771	4
174	-74.91283	-15.357977	4.189668	5
175	-86.783875	-39.94236	19.770163	3
176	40.014816	65.11974	-37.48126	6
177	-77.40508	-11.560627	58.61498	1
178	-85.8441	-41.22685	12.551272	3
179	69.320915	-75.53293	37.811085	4
180	32.088055	72.625565	-32.99066	6
181	24.00393	83.610886	-43.342766	6
182	-65.48437	90.310745	10.237248	6
183	48.551617	-57.261417	39.249893	4
184	-44.71706	49.935272	4.473549	6
185	31.26617	92.52988	-27.548067	6
186	57.141502	-67.07726	38.401077	4
187	-33.78386	10.560144	82.916306	1
188	18.270355	17.32755	-46.819794	0
189	68.74671	-63.722427	46.640385	4
190	37.255493	-63.421917	45.47096	4
191	8.412871	1.9838034	-84.62696	0
192	66.6123	-36.363895	5.2171226	4
193	-46.01757	40.45654	24.233816	1
194	-12.2839155	17.444986	-28.991682	5
195	-15.616322	3.8628628	-24.630962	5
196	-73.329666	57.625122	-31.034985	6
197	54.316456	-34.773586	6.0030603	4
198	52.291515	-3.543059	-7.776441	0
199	43.556873	-37.645058	10.050897	4
200	-65.272064	63.128784	-31.130585	6
201	-31.949137	39.16308	-31.73421	6
202	-9.021277	60.37268	43.198772	1
203	-26.665564	14.957615	-64.79106	5
204	38.219273	-36.64378	-3.6255708	0
205	-54.657166	67.74884	-6.03249	6
206	40.75674	14.9521055	-41.843315	0
207	-69.23946	51.113377	-12.37573	6
208	-62.01351	79.41507	-0.2180588	6
209	14.072781	30.668062	-72.218254	0
210	-78.604	34.451717	-15.9884205	5
211	-17.151358	77.852425	-54.235626	6
212	46.959557	10.757225	-34.639458	0
213	-39.782177	45.26306	-64.690865	5
214	-59.386013	64.72872	-14.618496	6
215	59.337284	-44.85743	-0.19082336	4
216	46.021748	-41.007114	-2.6685803	4
217	-16.465008	54.71318	-80.097145	6
218	40.985252	-50.399277	1.0775814	4
219	46.69413	-2.9212298	0.16426204	0
220	29.082779	-37.084484	29.402199	4
221	-24.890814	3.7080123	-19.38655	5
222	-14.551314	65.89598	-65.913666	6
223	55.887817	-33.77481	-1.8638678	4
224	-79.61942	35.828087	-23.306381	5
225	41.07985	25.59703	-72.98241	0
226	-11.728585	5.5483336	-62.68084	5
227	-52.1627	27.529068	-17.01473	5
228	-47.825394	52.503525	-31.676691	6
229	-19.652052	52.25792	-68.30257	6
230	-75.52296	62.44924	-23.436203	6
231	37.612896	12.528831	-53.97823	0
232	-36.919952	28.324038	-30.743166	5
233	-38.02019	51.318253	-35.173824	6
234	-6.4020925	32.63056	-5.2706327	6
235	48.15876	-26.39212	2.3429945	4
236	-80.44635	45.918663	-34.81425	5
237	-64.965805	39.475803	-16.807814	6
238	12.752464	9.349228	-40.856995	0
239	-41.53779	53.39582	30.783613	1
240	3.2287307	-9.250259	-62.824253	0
241	10.529495	-54.395683	-5.7567096	3
242	-38.280243	16.373394	19.745394	1
243	-38.58443	-23.02962	-1.3903215	3
244	-90.97412	-16.11806	23.391582	1
245	-4.448534	-14.716758	-99.382385	5
246	17.573902	6.7730165	-53.879955	0
247	-2.022869	-52.215263	-27.342665	3
248	-14.643972	37.3373	-74.54101	5
249	4.6394563	-47.000042	-14.421406	3
250	0.09092031	24.469236	-22.672815	6
251	-11.180307	-16.912573	-97.20731	5
252	-11.55524	19.61819	-2.0083032	6
253	30.157875	-33.06656	-83.75836	0
254	-50.79116	58.434586	-24.521036	6
255	3.5902941	-0.14040554	-51.545647	0
256	22.987356	13.333606	-75.727715	0
257	4.811049	15.269169	-64.684875	0
258	-7.8806305	-7.5172153	-2.6951318	0
259	-3.7432857	9.8048725	-15.242626	0
260	-57.708824	56.003498	-2.0391326	6
261	55.746075	-24.269518	18.999731	4
262	-58.572624	50.369156	-14.224347	6
263	-2.852366	20.33274	-41.336655	5
264	-14.818947	25.913288	31.56666	1
265	-48.85101	58.535313	-41.496895	6
266	-11.759131	-28.130781	28.301222	3
267	53.849415	-21.800913	-13.641601	0
268	49.73026	-40.756676	-13.501164	0
269	-14.364724	3.2516108	-40.97646	5
270	-4.1536093	19.69059	-64.26369	5
271	8.302296	38.04531	-75.53944	6
272	-52.66486	56.16039	11.82101	6
273	36.3847	-10.032899	-83.07414	0
274	26.34132	-50.586666	11.712542	4
275	38.44473	44.55027	85.6175	2
276	-3.6080062	-75.73574	41.97504	3
277	2.6961558	-65.30255	35.982048	3
278	-6.6859784	33.334717	16.661257	1
279	-23.084557	15.989579	45.252407	1
280	15.557611	-71.89584	32.865654	4
281	-46.462685	81.09944	-38.3993	6
282	18.58001	22.867922	51.93813	2
283	-65.477394	-73.35351	14.840159	3
284	15.040556	59.583946	-47.11748	6
285	15.326382	-71.74164	40.66788	4
286	-60.086308	-62.795197	46.912422	3
287	23.236794	84.4432	19.109653	2
288	-12.5330515	51.507015	55.13152	1
289	-65.27872	75.507095	22.266659	6
290	31.153147	67.16585	-65.18917	6
291	31.783194	17.049076	80.10948	2
292	-1.890918	84.67623	46.887405	2
293	38.532158	29.92208	86.26904	2
294	-9.598798	86.76939	40.528244	6
295	6.9659495	61.91107	29.187037	2
296	14.559531	-36.683693	39.387516	4
297	61.249332	33.638607	73.78549	2
298	56.319416	-13.39086	35.559155	4
299	-33.9832	39.23341	-42.409134	6
300	3.2214043	16.954304	-6.191014	0
301	8.655281	-46.722977	7.7531075	3
302	-0.0052587884	-0.5914497	-79.44836	5
303	1.5187963	24.336826	-48.86843	5
304	-4.2571373	-11.430682	-42.41943	0
305	-0.5077812	52.5443	-73.61886	6
306	-26.492912	30.96671	-44.36942	5
307	-2.016889	4.11376	-2.134297	0
308	-42.816692	20.111551	-44.676327	5
309	16.18439	0.5335461	-11.70484	0
310	4.1761427	-28.301252	-41.495846	0
311	-57.557312	-15.84373	-60.513725	5
312	10.577559	-50.48098	-29.359436	0
313	-61.4271	-7.9675336	-81.05998	5
314	-61.44671	13.832546	-51.917725	5
315	-80.006035	-14.288135	-39.5645	5
316	-61.04382	-21.442303	-64.20749	5
317	-32.44829	-30.896784	-79.015755	5
318	23.50087	-42.85937	-61.10104	0
319	-72.14991	-18.25763	-22.320284	5
320	-60.826378	-30.505531	5.136456	3
321	14.815568	-34.545643	-23.260502	0
322	-14.215339	-47.751038	-86.200134	5
323	26.313356	-23.912697	-64.60819	0
324	21.071363	-11.7043705	-31.950525	0
325	-45.512115	5.028124	-59.94823	5
326	-8.430407	-34.354595	-32.854866	0
327	-2.0870302	-18.531487	-32.572926	0
328	-68.26944	-11.817443	-78.67804	5
329	16.98143	-24.385931	-59.57514	0
330	8.254007	-31.482723	-66.341156	0
331	-73.74678	8.383965	-23.993773	5
332	-1.9598672	-51.951004	-45.168255	0
333	27.953136	-43.2327	-42.549454	0
334	-42.56559	-15.292346	-74.81064	5
335	-43.341717	13.640169	1.5567894	1
336	15.5240135	-35.523285	-48.527374	0
337	-33.458042	2.7420716	-36.30268	5
338	-36.859547	-10.185701	-57.2268	5
339	4.521968	-19.749538	-14.227367	0
340	-62.011562	11.352892	-8.430324	5
341	3.2603743	-38.77995	-40.244274	0
342	-55.56394	-19.452213	-29.285158	5
343	29.769419	-29.263155	-48.169376	0
344	-33.03226	6.133762	-60.649387	5
345	-5.7787595	-25.200783	-20.97297	0
346	-29.104744	-10.00753	-5.225213	5
347	-52.056152	-0.6492832	-43.63596	5
348	1.7317368	-41.894897	-26.553528	0
349	15.921009	-23.414135	-15.517922	0
350	-5.931582	-32.689793	-47.114113	0
351	4.6751866	-25.302082	-21.658546	0
352	4.7452326	-32.99693	-13.632198	0
353	6.288812	-24.020424	-54.49021	0
354	6.127779	-29.829914	-30.024977	0
355	2.6808395	-12.170813	-22.138546	0
356	-65.42241	-45.431835	-38.457726	5
357	-31.272516	-12.336612	8.943295	1
358	-47.802402	6.122456	-27.954798	5
359	-79.95142	10.322699	-27.479305	5
360	35.682903	3.6401732	-22.342361	0
361	-28.084982	-5.8058753	-32.434963	5
362	-66.32849	3.6660874	-54.295933	5
363	-21.3893	-12.536754	-39.31973	5
364	17.643286	-27.536999	-36.339645	0
365	-16.260695	-18.392838	2.5466278	3
366	-39.9085	-0.3714528	-11.487321	5
367	9.869814	-16.955498	-41.99291	0
368	-71.254906	-28.181606	-29.651094	5
369	-12.383598	-3.410521	-15.770569	5
370	-49.381035	3.2012727	-66.521126	5
371	13.357822	-41.164043	-56.55981	0
372	-74.90283	-19.872845	-61.995872	5
373	20.285786	22.69705	-29.559795	0
374	-57.124847	-15.677518	-44.49261	5
375	-53.687336	-14.8254175	-80.37487	5
376	-77.08375	-24.470858	-39.493336	5
377	-52.30204	-7.36238	-20.410082	5
378	-41.67056	-25.550135	-55.26823	5
379	27.948145	-29.91954	-14.231378	0
380	-18.29093	-27.833527	-29.51883	5
381	-44.396805	-22.26858	-18.067978	5
382	-60.80633	5.449253	-47.891426	5
383	24.548588	-21.836964	-24.237146	0
384	-80.120094	-11.576595	-25.40839	5
385	-10.344929	-42.40053	-79.6737	5
386	-37.237873	-10.720678	-27.158215	5
387	-50.67534	-5.7266364	4.8927145	1
388	-71.86371	6.6772733	-47.48279	5
389	-50.123795	-31.334768	-40.887188	5
390	-13.940816	-38.347942	-52.25566	5
391	19.566	-10.704255	-52.772808	0
392	-78.11313	-26.680359	-62.025154	5
393	-52.899242	10.625196	-7.2155766	5
394	26.737085	-33.7636	-27.901176	0
395	-46.962826	-15.948906	-40.30124	5
396	-77.38784	-24.046993	-27.750938	5
397	-10.043833	-28.209763	-59.76084	5
398	4.9039474	-43.221336	-52.56926	0
399	-20.04457	4.2130203	-7.8643126	5
400	17.892605	-42.581017	-36.6053	0
401	-60.223675	-3.7745082	-30.444681	5
402	-36.66011	-1.1465331	5.1021514	1
403	-30.353365	-28.642256	-53.963676	5
404	-64.37874	-42.05557	-46.725414	5
405	-79.562965	-31.9935	-21.667252	5
406	-52.614277	-41.20096	-65.124275	5
407	13.387483	-52.442566	-47.30694	0
408	-68.69392	-9.227519	-57.241955	5
409	-56.603943	-20.924881	-83.95032	5
410	4.452596	-34.88606	-0.3931964	3
411	-33.454994	-5.239685	-48.286354	5
412	-85.19518	-9.021167	-42.33674	5
413	10.465465	-19.616982	-26.734957	0
414	-58.25655	-37.99883	-44.38451	5
415	22.55545	-12.94164	-7.6255393	0
416	-41.55702	-33.91998	-31.994238	5
417	-49.821075	-47.182583	-70.19171	5
418	-66.346306	-16.708069	-14.004643	5
419	-3.7868192	-13.906032	-11.979526	0
420	-0.9681164	-46.137802	-61.13353	0
421	36.833523	-26.079971	-21.654491	0
422	-65.91116	-10.420261	34.318714	1
423	15.691981	-36.054905	19.95473	4
424	-11.783919	2.1513953	40.67624	1
425	-63.30589	42.781883	53.195988	1
426	31.46236	-17.991776	50.23083	4
427	39.76202	-90.537926	23.882574	4
428	32.3572	-57.208088	17.624054	4
429	33.894188	-80.985306	25.43186	4
430	28.835125	-32.775116	81.38879	4
431	28.890564	-91.179886	27.874056	4
432	37.381847	-87.02043	34.444897	4
433	39.76202	-90.537926	23.882574	4
434	39.76202	-90.537926	23.882574	4
435	37.381847	-87.02043	34.444897	4
436	10.961847	-16.740747	37.01497	4
437	-0.6070325	77.83604	24.843742	6
438	29.323832	9.029115	56.826	2
439	63.771988	10.186192	-7.5762353	2
440	41.69798	-3.7518878	51.050434	4
441	20.066074	-52.505306	48.034306	4
442	44.660767	43.619507	45.27421	2
443	68.98835	8.638845	11.974297	2
444	68.66354	-0.07809825	32.248196	2
445	21.876501	-69.73242	65.094	4
446	25.769001	-62.9632	69.01008	4
447	18.282421	-64.33844	72.13312	4
448	17.515263	53.527245	38.561356	2
449	29.847404	25.691757	73.77909	2
450	-3.1539023	33.55525	78.36355	1
451	62.343697	0.4402052	19.398561	2
452	17.171782	-36.036205	3.1888661	4
453	-33.376392	66.09865	-9.791168	6
454	4.238376	24.723822	-93.76463	5
455	-14.737741	-15.41512	-26.913534	5
456	35.294987	24.100418	-9.696283	2
457	47.81059	27.618515	-1.3984036	2
458	13.170731	-12.499354	53.535744	4
459	69.74638	-2.871189	-47.11032	0
460	38.396908	44.833485	69.51783	2
461	40.8696	-17.439291	39.026478	4
462	-23.792097	82.304924	23.859964	6
463	-36.404835	11.159194	58.909683	1
464	-5.4951935	73.6981	49.978317	1
465	41.758255	6.166299	70.83483	2
466	36.280006	77.27746	46.55338	2
467	55.167168	21.076014	51.502098	2
468	31.463526	62.4739	21.181631	2
469	33.704456	-38.825703	82.74765	4
470	46.513927	3.6045012	-68.559364	0
471	-15.414424	12.72759	68.8649	1
472	-16.541548	22.106255	61.652702	1
473	86.16646	-58.236774	-8.030461	4
474	18.63917	-18.180107	62.896736	4
475	80.27118	-52.595394	-3.9813519	4
476	80.424835	19.835611	36.095436	2
477	89.815895	22.054012	27.470499	2
478	83.300995	11.233514	40.020107	2
479	43.144264	-65.87852	-11.628638	0
480	43.737	-88.686714	-34.427246	0
481	50.86676	-83.83959	-32.71274	0
482	33.40515	-63.158436	-23.730835	0
483	41.89494	-59.828953	-46.72702	0
484	46.58248	-69.42823	0.44342625	4
485	53.32247	-67.67285	-2.4258935	4
486	42.89121	-65.7205	-28.709482	0
487	24.146824	-70.35726	-14.491958	3
488	38.39292	-64.65161	-38.806133	0
489	29.664421	-61.985172	-15.72157	0
490	45.990444	-82.134476	-39.910095	0
491	19.424578	-63.79114	-26.820572	0
492	39.778225	-86.07631	-14.779707	3
493	18.967665	-50.619427	-19.503643	0
494	-22.371014	-67.90773	-9.521708	3
495	-47.039192	-68.103745	24.443882	3
496	1.1952918	-88.25639	-54.12714	3
497	-26.759407	-35.489773	8.0493145	3
498	22.858044	-69.091194	5.470137	3
499	21.022663	-94.28064	-2.1692588	3
500	-39.529076	-79.99138	14.599386	3
501	1.9004251	-63.57661	-16.112646	3
502	17.846586	-101.08364	-26.17464	3
503	-3.9383974	-79.9189	-48.26296	3
504	61.61925	-56.93192	-30.501453	0
505	-12.871956	-82.28447	-12.153114	3
506	29.335243	-74.699615	-26.499203	0
507	45.212826	-84.9834	-9.904595	4
508	67.526474	-64.2307	-31.253077	0
509	14.993668	-94.84299	-10.9045725	3
510	-63.42185	-54.558582	13.642003	3
511	67.526474	-64.2307	-31.253077	0
512	63.847343	-62.047066	-22.23937	0
513	1.0701381	-93.03208	15.560538	3
514	19.250353	-111.05349	-17.035353	3
515	-11.702324	-62.438175	19.514069	3
516	-9.193936	-65.43783	-70.74762	0
517	-4.1917095	-57.58256	3.2782671	3
518	-0.9889008	-95.64138	-15.428224	3
519	-18.092075	-87.068016	18.61792	3
520	-10.326832	-100.071655	-2.280876	3
521	-15.276082	-97.56573	-19.874538	3
522	-36.419395	-93.35248	12.882014	3
523	6.2841897	-105.114815	-4.889856	3
524	-15.77535	-50.01887	9.440217	3
525	-15.148774	-84.50169	50.662766	3
526	-7.316976	-46.619354	-4.8956723	3
527	-16.10875	-82.163925	-31.939716	3
528	-8.384286	-73.15199	0.85882866	3
529	-29.56504	-79.37057	-3.392385	3
530	1.6183758	-76.99842	9.4560175	3
531	-18.135328	-32.643497	2.0224538	3
532	-52.025654	-43.893326	44.94931	3
533	-12.324978	-69.145485	-24.29812	3
534	-50.738323	-77.44759	-30.132078	3
535	-7.5609903	-99.49384	15.511539	3
536	-17.684074	-32.271698	13.302374	3
537	-2.6206074	-114.00071	-16.579477	3
538	-4.1442304	-80.602036	21.829292	3
539	15.503179	-100.25055	11.551568	3
540	-36.23315	-38.90697	0.58600944	3
541	-28.945108	-99.08498	-6.4141955	3
542	-0.5922935	-84.95338	-7.273025	3
543	-13.895538	-79.33198	-54.19477	3
544	-17.087208	-40.281563	-7.3047423	3
545	-67.904335	-41.501904	31.13767	3
546	13.603373	-111.31428	-22.796062	3
547	5.746488	-90.3266	-13.552183	3
548	-39.44636	-64.60426	-25.42154	3
549	-2.112452	-90.22101	2.1881714	3
550	-5.4910064	-80.20157	-37.86225	3
551	-31.358006	-56.768547	-16.330109	3
552	-44.447758	-56.544567	-9.282625	3
553	-7.0239744	-66.674675	-8.098025	3
554	-41.042896	-79.49786	-24.354267	3
555	-6.684079	-84.788536	12.948568	3
556	-31.434898	-50.92151	-34.173943	3
557	4.1915736	-69.617096	-54.495205	0
558	-50.818924	-46.22644	5.805541	3
559	-29.245083	-68.88446	41.867836	3
560	6.5873423	-74.74368	-5.792163	3
561	-42.380116	-66.904854	-13.075879	3
562	-26.267338	-106.720345	13.296056	3
563	-18.62296	-58.988785	-50.17826	3
564	-23.252365	-33.026886	-37.297874	5
565	26.275993	-66.77662	-63.84565	0
566	12.442762	-87.34536	-36.304676	3
567	21.199583	-75.40991	-63.308712	0
568	-15.956226	-81.85991	38.91729	3
569	-50.01682	-31.546953	18.3364	3
570	-59.06002	-84.32016	33.76731	3
571	9.730535	-85.76293	3.4577708	3
572	-9.129317	-38.064613	-18.25473	3
573	-39.722244	-65.93911	43.095737	3
574	-56.106754	-34.08251	24.444248	3
575	-59.991253	-54.77916	3.381841	3
576	-22.35219	-55.21694	47.839268	3
577	2.5358264	-80.9586	-19.622145	3
578	-22.898045	-46.196144	-24.100342	3
579	-33.648186	-75.53919	-13.030361	3
580	-22.361761	-73.795334	-18.827196	3
581	-31.228363	-42.767185	16.72093	3
582	-17.159346	-56.335983	-2.5194933	3
583	-37.081795	-65.097244	0.6233721	3
584	-14.071456	-89.62472	2.11397	3
585	-24.492804	-81.88337	43.339096	3
586	-30.907936	-66.99945	24.689886	3
587	-0.95269585	-97.73217	-26.131493	3
588	-30.30824	-85.01717	-23.065207	3
589	42.82565	-12.862279	24.968552	4
590	-6.215662	60.371468	57.16403	1
591	-31.677158	64.695786	-42.555115	6
592	48.051056	33.639046	74.31755	2
593	46.65648	36.22654	60.87369	2
594	81.7542	-30.738623	-2.2817852	4
595	5.299993	-12.289493	61.34963	4
596	34.310818	37.688305	-27.219635	0
597	-36.658657	65.12019	45.64971	1
598	-6.990675	-28.247755	-6.200686	3
599	-27.139368	99.02514	0.9234861	6
600	70.93511	-17.771275	23.191538	4
601	51.09724	-10.357811	12.116608	4
602	-9.4254675	-55.08591	37.776226	3
603	-3.4277017	-37.835518	5.6403875	3
604	-72.29263	83.03489	-21.092194	6
605	-62.899628	80.27116	-16.772224	6
606	-34.288567	91.82969	-6.367989	6
607	-41.105545	87.3617	0.7204816	6
608	64.44814	29.616411	0.09864413	2
609	2.4362705	73.12182	16.372526	6
610	86.22425	-26.731953	24.826403	4
611	83.23212	5.0945444	12.925372	2
612	34.327747	7.6591845	36.775158	2
613	47.810024	1.501387	37.31096	2
614	8.090369	-0.65245825	51.921623	1
615	16.072403	-54.47027	-80.119316	0
616	24.675268	35.445248	82.05753	2
617	23.50909	36.25347	67.638275	2
618	-24.72053	106.22229	9.080166	6
619	9.76702	42.849052	54.055996	2
620	64.30453	51.709408	54.72503	2
621	46.266006	30.350014	52.246426	2
622	-30.048218	51.648884	40.93087	1
623	-27.559103	48.150127	56.781776	1
624	75.377754	35.94642	47.637054	2
625	-91.82808	-26.245354	-1.9922334	5
626	43.271244	54.381588	-15.120746	2
627	-16.454105	32.841934	-40.620235	6
628	10.794324	-43.275265	64.61951	4
629	27.492191	21.39402	46.370525	2
630	-23.75253	76.03464	53.297813	1
631	4.6778073	49.81318	71.59051	2
632	65.07787	34.655136	57.807037	2
633	36.503708	33.09388	67.4104	2
634	-20.710213	74.35486	44.852886	1
635	32.293133	25.715687	60.00012	2
636	35.471348	35.430367	75.883354	2
637	42.84145	56.431946	75.22333	2
638	19.659857	66.3658	23.516018	2
639	35.649845	-29.534338	46.153954	4
640	0.469537	58.25273	61.913322	1
641	-21.316732	61.3851	54.20067	1
642	34.879192	50.605824	55.703587	2
643	-27.847906	-44.220776	-65.91201	5
644	-16.81075	59.0827	69.19351	1
645	42.042797	22.7447	69.562836	2
646	-12.83126	57.27591	77.28297	1
647	19.223097	23.930494	93.252525	2
648	43.909573	16.170954	56.60332	2
649	3.8263965	-27.355713	30.160637	4
650	-54.90177	53.903637	24.351904	1
651	-68.141914	7.084865	-64.657745	5
652	-70.04216	-66.58407	-3.3401518	3
653	-32.429638	52.86888	-14.488427	6
654	9.1764965	19.88947	21.743803	2
655	-18.224365	-18.637527	-47.21825	5
656	10.204535	24.003555	5.448821	2
657	-20.836226	33.91975	2.4635131	6
658	30.376884	-15.434761	-38.76219	0
659	61.918884	56.858814	-24.503569	2
660	-12.783661	71.930466	-18.039768	6
661	-53.081345	34.81818	-27.637503	5
662	60.288036	40.264496	-15.429277	2
663	55.781776	46.0065	1.1601803	2
664	-40.135067	23.686676	-0.6817828	1
665	10.694414	31.396751	22.389954	2
666	-31.27293	51.41705	-0.24235073	6
667	60.50754	-2.9907916	79.04752	4
668	8.83234	2.582125	-24.210114	0
669	-23.59171	49.98885	27.737917	1
670	16.736605	11.504138	-1.5214641	0
671	-0.84224486	-24.920624	12.1755295	3
672	5.382976	-42.08867	84.13678	4
673	19.884691	4.478909	-25.700352	0
674	51.097275	45.65514	-14.99218	2
675	27.577955	26.527678	28.767126	2
676	62.93038	64.85086	-19.590008	2
677	26.365313	-7.7609243	-20.899918	0
678	21.523674	19.69864	22.116165	2
679	-47.899124	41.46861	-34.38206	6
680	-57.486446	-1.277911	48.84419	1
681	12.570325	59.43231	-65.94878	6
682	-4.3760366	-5.4063544	-28.234606	0
683	-51.44475	-19.498276	-3.7849243	5
684	-15.118495	-16.687801	17.432081	1
685	-41.006664	5.1993327	23.032143	1
686	-31.638363	-25.232082	23.83122	3
687	-30.99312	-23.567331	41.469868	1
688	-26.550947	-9.331026	20.375267	1
689	15.748296	-27.469643	-3.8246522	0
690	-21.24589	-13.436022	30.986942	1
691	-37.917706	-9.7421	26.208427	1
692	-53.009064	-6.4201508	15.48278	1
693	-25.143908	15.598337	-4.088278	1
694	70.09435	-23.297707	-55.99727	0
695	-57.053764	-36.812027	-14.656187	5
696	74.81057	-20.655912	-62.815495	0
697	-72.67124	68.17667	-1.2918807	6
698	3.3885121	87.077255	-24.672255	6
699	25.003193	48.368397	-53.458168	6
700	58.80874	11.954329	7.9856186	2
701	61.70152	21.858654	-22.703768	0
702	-48.570625	45.528103	-16.351725	6
703	49.58481	27.14011	-21.770273	0
704	10.504394	94.00609	-6.930402	6
705	-39.859787	72.23388	3.6191423	6
706	-57.654713	38.538944	-45.946007	5
707	-8.2439995	90.09357	6.697334	6
708	5.5099545	68.51189	5.4846	6
709	-20.338108	39.686626	41.859325	1
710	-45.641426	54.89422	-8.040965	6
711	66.294266	10.380365	-30.978704	0
712	9.156922	13.745344	8.897077	2
713	0.68496984	95.520065	8.3372135	6
714	7.945831	94.276764	6.6854353	6
715	24.05809	47.055073	-66.79576	6
716	12.2341175	86.13267	-2.5342517	6
717	51.007744	21.00737	-17.69667	0
718	14.953646	78.642654	-1.8242171	6
719	18.6929	-52.475952	28.422987	4
720	77.81925	24.782068	-43.487232	0
721	-4.232962	43.908054	32.64932	1
722	77.39487	27.029161	-35.858356	0
723	43.014572	19.208397	7.3301764	2
724	51.482086	22.68232	12.8484955	2
725	-39.070297	52.102154	-54.73508	6
726	37.872406	16.798645	24.09782	2
727	-55.074722	92.28985	-8.001641	6
728	37.154224	20.878609	1.5782624	2
729	-36.606647	81.0997	-27.660799	6
730	-55.911674	40.446377	31.76827	1
731	68.59023	23.453983	29.52118	2
732	49.799953	59.504715	39.895645	2
733	-39.151333	3.6036658	33.865242	1
734	-21.798962	32.244583	-59.9969	5
735	75.17298	-19.999506	47.348686	4
736	83.17836	-20.164852	52.89758	4
737	83.39978	-13.280812	56.005558	4
738	34.513386	-3.4016788	37.148357	4
739	30.571535	-9.676926	78.36364	4
740	27.838612	-22.527649	-3.0815117	0
741	-14.434845	-55.67153	-15.114571	3
742	92.92561	-1.9205154	-26.433472	0
743	97.423744	12.458772	-27.104721	0
744	90.93346	-2.7948794	-38.9637	0
745	96.52056	2.8292658	-32.372005	0
746	18.34321	54.07989	-59.430477	6
747	-76.87046	39.81065	9.925406	1
748	-71.28741	33.410267	6.4808884	1
749	33.95241	39.072628	-9.894074	2
750	-16.252792	93.955605	-36.451828	6
751	-9.42957	86.368195	-34.096478	6
752	-18.461834	100.985634	-33.51247	6
753	-18.736872	55.86939	-18.51375	6
754	-28.837013	68.10323	6.117307	6
755	-33.952282	60.316425	14.282617	6
756	-3.1531427	65.36695	-57.084137	6
757	-38.168808	-58.325047	10.117376	3
758	-37.18301	62.206833	1.7739018	6
759	-31.188017	-54.882175	31.232769	3
760	-48.0077	-79.558395	40.38193	3
761	-40.686855	-71.06502	-45.98911	3
762	-35.22591	-75.319046	-54.20025	3
763	-49.07894	-63.55465	-49.004253	3
764	11.973558	14.277616	-17.279093	0
765	87.02848	4.4183965	-23.559048	0
766	99.69067	-3.450086	-19.050642	0
767	-39.17621	-14.458025	58.694786	1
768	-35.370476	-12.836463	65.33817	1
769	-41.572243	-45.595524	-19.542276	3
770	-9.397393	-3.705532	65.66872	1
771	1.6850222	22.044683	51.583275	1
772	-48.137684	38.793606	41.51209	1
773	9.262949	33.32832	-9.100732	6
774	1.4931915	8.637637	37.028294	1
775	-15.172832	21.028725	16.62406	1
776	58.407185	41.611084	24.134903	2
777	-27.059404	-52.04186	-2.4533746	3
778	-82.87627	31.824903	10.444273	1
779	-71.195274	36.813404	18.396355	1
780	-44.65819	-94.39932	-20.464806	3
781	-16.939028	-51.82491	-32.822197	3
782	-59.417923	-95.14386	-6.590329	3
783	-4.3882747	-11.574099	32.128956	1
784	-46.21094	41.038944	51.604874	1
785	2.7353344	-11.865744	23.341206	4
786	-53.68326	-96.0691	-11.5029335	3
787	-46.762177	-80.09109	-7.6494875	3
788	-57.74833	-79.58657	-18.730782	3
789	-54.399197	10.577467	9.18669	1
790	-45.667423	-81.69745	-40.06054	3
791	-57.875584	-4.979342	34.350082	1
792	-48.25061	-4.5396357	32.820656	1
793	44.30577	23.502937	38.204712	2
794	-79.99985	17.400316	8.810279	1
795	-27.40946	-28.534185	-23.417109	5
796	-51.826584	-69.798515	-15.06952	3
797	-53.818344	-30.542435	67.42492	1
798	-61.477165	-31.66555	61.503376	1
799	-34.40218	33.925823	33.38622	1
800	24.832138	-56.537495	-33.496902	0
801	-53.290554	-23.559832	49.727398	1
802	-45.985855	100.90879	4.003618	6
803	33.18636	-43.05529	-23.855871	0
804	-39.981934	-14.739902	46.873024	1
805	8.420423	-35.620354	-92.62457	0
806	-74.34639	24.10716	14.2546015	1
807	-80.249794	39.46949	20.888805	1
808	-79.64509	30.593744	21.072277	1
809	-56.65477	-22.322716	63.3643	1
810	-49.470425	-23.354767	39.525906	1
811	1.1169931	52.420044	0.22856781	6
812	19.427883	48.51455	-19.793354	6
813	-20.630592	83.18104	7.4130063	6
814	-5.024592	55.325882	-11.182862	6
815	-26.680311	24.690706	-77.72515	5
816	-97.01795	-11.18171	-21.783773	5
817	1.7841033	58.971565	-29.591372	6
818	9.637965	52.239845	-9.013214	6
819	4.005758	65.35569	-26.630468	6
820	-72.46766	7.7595844	10.036616	1
821	14.887532	56.500313	-12.537871	6
822	-6.1963143	39.661415	-58.490795	6
823	-43.24953	-24.728477	9.146837	3
824	16.306396	3.3294127	9.664836	2
825	-68.98902	-47.206306	-1.9970037	3
826	2.5872777	-94.77454	26.62341	3
827	7.724196	54.772663	19.204264	2
828	38.305065	-11.689209	-13.211064	0
829	15.043299	-11.554904	-17.89509	0
830	29.870401	-23.748049	31.187695	4
831	24.445637	-45.369278	-5.627202	0
832	6.6366277	-14.026806	6.48616	4
833	4.3222756	-4.4892926	-11.743271	0
834	4.132313	-22.598677	-0.75124794	0
835	2.381204	-3.8820329	12.990279	1
836	28.209137	-9.834345	20.804098	4
837	13.737829	-22.60988	7.5608234	4
838	23.662888	1.9544991	17.96491	2
839	6.3807673	-2.9624624	0.47279036	0
840	23.984112	-16.691992	14.781887	4
841	54.80106	-46.778816	-69.893906	0
842	48.067448	-41.560204	-72.03375	0
843	16.309622	-39.698902	-10.936527	0
844	-22.721704	1.513471	-57.53571	5
845	38.238678	22.061384	46.583797	2
846	-11.391542	-42.541885	59.356956	4
847	-27.555363	11.186462	8.962994	1
848	-1.289268	-38.353397	19.884462	3
849	13.7528	38.91365	-25.970488	6
850	9.200963	-15.414495	-4.26751	0
851	41.13772	-6.8216486	8.501602	4
852	21.887676	-23.68187	25.003143	4
853	34.378727	-17.921646	18.021366	4
854	46.562416	-49.790474	-69.37383	0
855	11.310376	-20.523531	18.179852	4
856	20.305439	-8.884699	6.2589	4
857	51.291985	-18.397747	-69.73767	0
858	-22.567719	1.1082664	23.27341	1
859	-4.2601776	-18.153992	1.432505	3
860	-18.000359	-2.6406476	6.8744564	1
861	-36.376167	-20.569822	-41.116276	5
862	16.385904	-9.093946	20.388584	4
863	9.3654	41.948467	-53.616875	6
864	30.279139	-72.23458	-41.446545	0
865	-6.85198	-0.94922304	20.354334	1
866	-40.381397	17.654388	52.374638	1
867	54.661682	37.91508	49.455082	2
868	38.34367	44.70135	27.328203	2
869	42.714565	40.73863	-56.533314	0
870	13.76005	18.97228	35.208565	2
871	31.2232	10.034295	-7.6192727	0
872	23.575941	33.193333	15.358069	2
873	-0.0013111102	47.706383	-51.805313	6
874	22.490425	25.508387	7.281011	2
875	32.31623	28.367516	-45.94515	0
876	-39.241085	71.0725	12.754971	6
877	27.80746	53.390285	1.3470224	2
878	26.948896	41.773643	25.06103	2
879	3.128306	35.79446	15.179159	2
880	43.92077	31.520668	21.967937	2
881	-10.756343	-20.032158	88.48936	1
882	-67.16154	8.152916	-76.60691	5
883	12.416679	-1.0057925	30.405308	4
884	41.86597	46.27966	11.880025	2
885	22.693941	38.84456	1.5345293	2
886	-8.518473	90.09662	-22.183653	6
887	27.615694	-29.030872	10.88984	4
888	2.5761685	36.694363	32.17219	2
889	-28.841469	29.037556	16.898651	1
890	24.500658	48.533165	15.052113	2
891	22.658398	59.886482	8.143752	2
892	9.391516	40.786007	9.100242	2
893	33.35275	26.480227	12.666263	2
894	32.279922	11.767681	9.642393	2
895	33.644333	35.612026	20.436697	2
896	-0.1432651	55.135166	-50.305832	6
897	13.501684	35.62693	31.800709	2
898	46.655376	-8.809251	42.1775	4
899	-42.588295	72.30719	-22.426813	6
900	-21.942167	-38.70631	79.38049	1
901	-10.529979	50.29742	-49.69682	6
902	56.759228	-3.5449004	47.895493	4
903	-16.7014	43.46109	-24.292572	6
904	-55.82645	71.922714	28.161644	6
905	-41.72537	78.57335	-9.955589	6
906	-7.1022387	26.048363	38.704983	1
907	0.60271275	69.23708	54.78838	2
908	25.564924	50.129765	76.26137	2
909	29.44827	78.13991	36.80513	2
910	-38.409218	78.27268	27.940208	6
911	-47.689926	84.43577	-16.13195	6
912	-14.232413	11.048878	-90.38783	5
913	67.65107	5.658553	-72.63288	0
914	27.412685	63.76651	70.45898	2
915	10.593897	69.17451	51.513954	2
916	55.923805	-19.04148	-25.89047	0
917	38.1483	-15.310937	3.2106383	4
918	-5.83558	50.154163	14.661581	6
919	-3.71031	31.081802	-91.14866	5
920	45.631264	12.457793	-2.801254	2
921	-38.996517	12.837884	-80.151726	5
922	-38.606293	45.54431	16.622198	1
923	-23.252892	23.512205	23.54255	1
924	-70.201935	-3.4751847	-0.9300879	5
925	-33.08798	-2.1085193	-86.18123	5
926	-12.367278	6.008517	8.616114	1
927	-46.45727	64.67441	6.0891404	6
928	-28.51698	79.57373	1.4537624	6
929	-54.28277	41.719364	-3.7072735	6
930	-48.35513	66.55218	-15.942345	6
931	-10.551878	70.902824	-56.21293	6
932	-4.621232	59.12779	7.736048	6
933	28.459782	1.031279	-40.166054	0
934	-57.10883	69.22897	8.902072	6
935	-42.945854	-10.794695	-12.90126	5
936	-46.739246	64.64517	18.507803	6
937	-38.0719	14.260795	-89.354225	5
938	-22.391262	24.068026	-53.960278	5
939	-21.606955	53.256104	9.906859	6
940	-29.00285	10.053134	-89.12063	5
941	-18.090332	83.75245	-7.4332294	6
942	-35.589664	82.276726	10.945846	6
943	-60.723747	46.714775	11.007316	1
944	-18.549461	2.688257	-78.11396	5
945	-15.853367	60.838432	-7.0405703	6
946	14.742859	-16.760395	-80.694695	0
947	-27.900255	50.42581	-62.40077	6
948	-13.312171	11.329954	-78.40619	5
949	-14.624519	62.32335	10.087299	6
950	-64.55696	44.5578	35.369053	1
951	-14.357774	-17.689991	-12.222798	5
952	-29.387764	65.67773	-26.682615	6
953	-43.122704	67.73093	-4.3836026	6
954	2.802812	72.34171	-4.130226	6
955	-29.567581	4.3167987	-79.645874	5
956	22.557695	-33.75514	52.672485	4
957	-85.29631	0.19575095	40.58697	1
958	6.118108	-31.88407	88.2451	4
959	-49.26181	91.40572	-23.206573	6
960	78.663055	24.489395	25.589186	2
961	-28.391897	92.726494	26.880844	6
962	-0.7009965	43.572018	-40.697666	6
963	10.415532	-21.18854	75.87073	4
964	-34.61547	94.09242	20.649982	6
965	31.98599	8.766637	-95.9879	0
966	11.927023	-23.917606	50.81005	4
967	-49.945805	70.0615	37.895393	1
968	-57.669342	84.47758	48.780487	1
969	-52.156593	75.0274	-31.534515	6
970	-16.536198	65.01848	-36.559452	6
971	-57.95234	83.14758	40.950775	1
972	60.093044	31.445616	43.463547	2
973	-64.50204	65.854225	30.907747	1
974	2.7468848	6.5170045	57.234856	1
975	35.26795	61.96737	62.60457	2
976	21.988142	-9.692755	33.276615	4
977	19.544903	53.187164	57.59523	2
978	1.4412751	-28.364773	60.041607	4
979	-33.591026	48.42377	66.37131	1
980	58.933765	55.602036	71.02989	2
981	19.162334	20.771006	70.7639	2
982	48.93741	50.363583	59.320614	2
983	55.095146	45.942356	70.02958	2
984	-23.276102	-26.74198	-8.425157	3
985	-29.580845	75.58273	-13.622251	6
986	2.4952326	9.214971	-30.21227	0
987	101.50432	2.0573921	5.847135	2
988	-48.80805	78.59363	2.3015873	6
989	-13.320132	22.35151	-15.1133175	6
990	55.09103	31.657314	60.522892	2
991	31.589201	-1.8525798	1.5227197	0
992	-9.631951	12.634256	31.093971	1
993	22.860731	24.799257	-9.845881	2
994	51.224518	-28.800196	36.982502	4
995	14.482541	-14.107986	100.03783	4
996	35.789276	-42.764885	43.755676	4
997	40.96728	-13.743885	83.69823	4
998	-59.933098	16.082375	42.38043	1
999	29.917612	91.72837	17.0283	2
1000	-21.400852	29.97868	57.705486	1
1001	-1.9132217	45.028538	52.20179	1
1002	20.69747	-20.241587	39.09514	4
1003	-20.080418	-7.267693	52.150887	1
1004	-66.144295	24.731909	37.454723	1
1005	-14.091693	1.0524	87.9036	1
1006	49.74177	34.860744	-37.927826	0
1007	38.08672	0.540505	18.68681	2
1008	38.344254	-35.292767	61.979797	4
1009	80.2988	-19.782074	25.621885	4
1010	53.59923	44.361343	86.646065	2
1011	5.7145967	4.852781	19.501253	1
1012	78.80171	-15.216915	6.979365	4
1013	-50.6864	31.38937	17.109125	1
1014	68.61629	51.32507	73.003456	2
1015	80.65747	47.917988	8.517507	2
1016	-34.292797	10.4404	43.131638	1
1017	59.70023	70.11877	-10.345265	2
1018	93.66975	38.74075	8.165234	2
1019	96.621635	37.63449	-3.4915485	2
1020	42.354668	71.238556	0.43379703	2
1021	86.088554	37.597763	2.7720556	2
1022	38.2177	77.79506	-3.1503909	2
1023	-65.89299	57.86596	13.961042	6
1024	77.17253	53.486164	18.997147	2
1025	94.63752	54.52574	4.0864363	2
1026	55.822792	68.66276	-0.8596516	2
1027	63.28646	81.07441	7.9137983	2
1028	93.80945	44.846767	0.359982	2
1029	39.66454	63.938667	-12.441138	2
1030	-13.896199	-7.936364	42.28851	1
1031	-31.734802	-0.2243329	39.390175	1
1032	84.944214	52.707127	-4.1417856	2
1033	56.914516	78.919174	12.120525	2
1034	84.320595	48.449604	-12.801905	2
1035	90.621605	51.41571	16.044868	2
1036	79.43403	44.21382	14.901613	2
1037	59.323116	75.63548	-1.2309427	2
1038	51.421833	-18.941053	53.717968	4
1039	-31.088223	-18.05061	85.54949	1
1040	40.335747	-9.180307	-53.564957	0
1041	55.425613	-42.55958	-45.991634	0
1042	41.651096	-19.197412	-37.216984	0
1043	42.980007	-8.264783	-33.42813	0
1044	47.287075	-33.659573	-32.452164	0
1045	-25.4752	15.258486	28.97433	1
1046	50.797897	-23.369816	-47.51766	0
1047	-42.181313	29.136429	48.90622	1
1048	50.663353	-34.374763	-49.803753	0
1049	-80.76941	9.1211195	35.4123	1
